-- NeighborTrade PostgreSQL schema and sample DML
-- 1차 MVP 기준: 회원, 동네 인증, 판매글, 거래, 후기, 관리자 기본 기능
-- 실행 전 주의:
-- - 이 스크립트는 기존 테이블을 삭제한 뒤 다시 생성합니다.
-- - 비밀번호는 PostgreSQL pgcrypto의 bcrypt 형식 crypt()로 저장합니다.

CREATE EXTENSION IF NOT EXISTS pgcrypto;

DROP TABLE IF EXISTS review CASCADE;
DROP TABLE IF EXISTS trade CASCADE;
DROP TABLE IF EXISTS product_image CASCADE;
DROP TABLE IF EXISTS product_post CASCADE;
DROP TABLE IF EXISTS location_verification CASCADE;
DROP TABLE IF EXISTS member CASCADE;
DROP TABLE IF EXISTS neighborhood CASCADE;
DROP FUNCTION IF EXISTS set_updated_at CASCADE;

CREATE OR REPLACE FUNCTION set_updated_at()
RETURNS TRIGGER AS $$
BEGIN
    NEW.updated_at = CURRENT_TIMESTAMP;
    RETURN NEW;
END;
$$ LANGUAGE plpgsql;

-- =========================
-- neighborhood
-- =========================
CREATE TABLE neighborhood (
    id                   BIGINT GENERATED BY DEFAULT AS IDENTITY PRIMARY KEY,
    sido                 VARCHAR(30)  NOT NULL,
    sigungu              VARCHAR(30)  NOT NULL,
    emd_name             VARCHAR(50)  NOT NULL,
    display_name         VARCHAR(120) NOT NULL UNIQUE,
    center_latitude      DOUBLE PRECISION NOT NULL,
    center_longitude     DOUBLE PRECISION NOT NULL,
    verify_radius_meters INTEGER NOT NULL
);

CREATE INDEX idx_neighborhood_emd_name ON neighborhood (emd_name);

-- =========================
-- member
-- =========================
CREATE TABLE member (
    id                       BIGINT GENERATED BY DEFAULT AS IDENTITY PRIMARY KEY,
    username                 VARCHAR(50)  NOT NULL UNIQUE,
    password                 VARCHAR(255) NOT NULL,
    email                    VARCHAR(100) NOT NULL UNIQUE,
    nickname                 VARCHAR(50)  NOT NULL,
    login_type               VARCHAR(20)  NOT NULL DEFAULT 'LOCAL',
    provider                 VARCHAR(30),
    provider_id              VARCHAR(100),
    profile_image_url        VARCHAR(500),
    role                     VARCHAR(30)  NOT NULL DEFAULT 'ROLE_USER',
    local_verified           BOOLEAN      NOT NULL DEFAULT FALSE,
    verified_neighborhood_id BIGINT,
    manner_score             DOUBLE PRECISION NOT NULL DEFAULT 36.5,
    created_at               TIMESTAMP NOT NULL DEFAULT CURRENT_TIMESTAMP,
    updated_at               TIMESTAMP NOT NULL DEFAULT CURRENT_TIMESTAMP,
    CONSTRAINT fk_member_verified_neighborhood
        FOREIGN KEY (verified_neighborhood_id) REFERENCES neighborhood(id),
    CONSTRAINT chk_member_role
        CHECK (role IN ('ROLE_USER', 'ROLE_LOCAL_VERIFIED', 'ROLE_ADMIN')),
    CONSTRAINT chk_member_login_type
        CHECK (login_type IN ('LOCAL', 'KAKAO', 'NAVER')),
    CONSTRAINT uk_member_provider_provider_id
        UNIQUE (provider, provider_id)
);

CREATE INDEX idx_member_verified_neighborhood
    ON member (verified_neighborhood_id);

CREATE TRIGGER trg_member_updated_at
BEFORE UPDATE ON member
FOR EACH ROW
EXECUTE FUNCTION set_updated_at();

-- =========================
-- location_verification
-- =========================
CREATE TABLE location_verification (
    id              BIGINT GENERATED BY DEFAULT AS IDENTITY PRIMARY KEY,
    member_id       BIGINT NOT NULL,
    neighborhood_id BIGINT NOT NULL,
    latitude        DOUBLE PRECISION NOT NULL,
    longitude       DOUBLE PRECISION NOT NULL,
    verified        BOOLEAN NOT NULL,
    failure_reason  VARCHAR(255),
    verified_at     TIMESTAMP NOT NULL DEFAULT CURRENT_TIMESTAMP,
    CONSTRAINT fk_location_verification_member
        FOREIGN KEY (member_id) REFERENCES member(id) ON DELETE CASCADE,
    CONSTRAINT fk_location_verification_neighborhood
        FOREIGN KEY (neighborhood_id) REFERENCES neighborhood(id) ON DELETE CASCADE
);

CREATE INDEX idx_location_verification_member
    ON location_verification (member_id, verified_at DESC);

CREATE INDEX idx_location_verification_neighborhood
    ON location_verification (neighborhood_id);

-- =========================
-- product_post
-- =========================
CREATE TABLE product_post (
    id                       BIGINT GENERATED BY DEFAULT AS IDENTITY PRIMARY KEY,
    seller_id                BIGINT NOT NULL,
    neighborhood_id          BIGINT NOT NULL,
    title                    VARCHAR(120) NOT NULL,
    content                  TEXT NOT NULL,
    price                    INTEGER NOT NULL DEFAULT 0,
    giveaway                 BOOLEAN NOT NULL DEFAULT FALSE,
    category                 VARCHAR(30) NOT NULL,
    representative_image_url VARCHAR(500),
    trade_place              VARCHAR(120),
    status                   VARCHAR(30) NOT NULL DEFAULT 'ON_SALE',
    view_count               BIGINT NOT NULL DEFAULT 0,
    created_at               TIMESTAMP NOT NULL DEFAULT CURRENT_TIMESTAMP,
    updated_at               TIMESTAMP NOT NULL DEFAULT CURRENT_TIMESTAMP,
    CONSTRAINT fk_product_post_seller
        FOREIGN KEY (seller_id) REFERENCES member(id) ON DELETE CASCADE,
    CONSTRAINT fk_product_post_neighborhood
        FOREIGN KEY (neighborhood_id) REFERENCES neighborhood(id),
    CONSTRAINT chk_product_status
        CHECK (status IN ('ON_SALE', 'RESERVED', 'COMPLETED', 'HIDDEN')),
    CONSTRAINT chk_product_category
        CHECK (category IN (
            'DIGITAL', 'APPLIANCE', 'FURNITURE', 'KITCHEN', 'KIDS',
            'FASHION', 'BEAUTY', 'SPORTS', 'HOBBY', 'BOOK',
            'TICKET', 'PET', 'PLANT', 'ETC', 'WANTED'
        )),
    CONSTRAINT chk_product_price
        CHECK (price >= 0)
);

CREATE INDEX idx_product_post_neighborhood_status
    ON product_post (neighborhood_id, status, created_at DESC);

CREATE INDEX idx_product_post_seller
    ON product_post (seller_id, created_at DESC);

CREATE INDEX idx_product_post_title
    ON product_post (title);

CREATE TRIGGER trg_product_post_updated_at
BEFORE UPDATE ON product_post
FOR EACH ROW
EXECUTE FUNCTION set_updated_at();

-- =========================
-- product_image
-- =========================
CREATE TABLE product_image (
    id BIGINT GENERATED BY DEFAULT AS IDENTITY PRIMARY KEY,
    product_post_id BIGINT NOT NULL,
    original_filename VARCHAR(255) NOT NULL,
    stored_filename VARCHAR(255) NOT NULL,
    image_url VARCHAR(500) NOT NULL,
    content_type VARCHAR(100) NOT NULL,
    file_size BIGINT NOT NULL,
    sort_order INTEGER NOT NULL DEFAULT 0,
    representative BOOLEAN NOT NULL DEFAULT FALSE,
    created_at TIMESTAMP NOT NULL DEFAULT CURRENT_TIMESTAMP,
    CONSTRAINT fk_product_image_post
        FOREIGN KEY (product_post_id) REFERENCES product_post(id) ON DELETE CASCADE
);

CREATE INDEX idx_product_image_post
    ON product_image (product_post_id, sort_order);

-- =========================
-- trade
-- =========================
CREATE TABLE trade (
    id              BIGINT GENERATED BY DEFAULT AS IDENTITY PRIMARY KEY,
    product_post_id BIGINT NOT NULL,
    seller_id       BIGINT NOT NULL,
    buyer_id        BIGINT NOT NULL,
    status          VARCHAR(30) NOT NULL DEFAULT 'REQUESTED',
    completed_at    TIMESTAMP,
    created_at      TIMESTAMP NOT NULL DEFAULT CURRENT_TIMESTAMP,
    CONSTRAINT fk_trade_product_post
        FOREIGN KEY (product_post_id) REFERENCES product_post(id) ON DELETE CASCADE,
    CONSTRAINT fk_trade_seller
        FOREIGN KEY (seller_id) REFERENCES member(id) ON DELETE CASCADE,
    CONSTRAINT fk_trade_buyer
        FOREIGN KEY (buyer_id) REFERENCES member(id) ON DELETE CASCADE,
    CONSTRAINT chk_trade_status
        CHECK (status IN ('REQUESTED', 'ACCEPTED', 'COMPLETED', 'CANCELLED')),
    CONSTRAINT chk_trade_not_self
        CHECK (seller_id <> buyer_id)
);

CREATE INDEX idx_trade_seller ON trade (seller_id, created_at DESC);
CREATE INDEX idx_trade_buyer ON trade (buyer_id, created_at DESC);
CREATE INDEX idx_trade_product_post ON trade (product_post_id);

-- =========================
-- review
-- =========================
CREATE TABLE review (
    id          BIGINT GENERATED BY DEFAULT AS IDENTITY PRIMARY KEY,
    trade_id    BIGINT NOT NULL UNIQUE,
    reviewer_id BIGINT NOT NULL,
    reviewee_id BIGINT NOT NULL,
    rating      INTEGER NOT NULL,
    content     VARCHAR(500) NOT NULL,
    created_at  TIMESTAMP NOT NULL DEFAULT CURRENT_TIMESTAMP,
    CONSTRAINT fk_review_trade
        FOREIGN KEY (trade_id) REFERENCES trade(id) ON DELETE CASCADE,
    CONSTRAINT fk_review_reviewer
        FOREIGN KEY (reviewer_id) REFERENCES member(id) ON DELETE CASCADE,
    CONSTRAINT fk_review_reviewee
        FOREIGN KEY (reviewee_id) REFERENCES member(id) ON DELETE CASCADE,
    CONSTRAINT chk_review_rating
        CHECK (rating BETWEEN 1 AND 5),
    CONSTRAINT chk_review_not_self
        CHECK (reviewer_id <> reviewee_id)
);

CREATE INDEX idx_review_reviewee
    ON review (reviewee_id, created_at DESC);

-- ==========================================================
-- INSERT: sample data
-- ==========================================================

INSERT INTO neighborhood
    (id, sido, sigungu, emd_name, display_name, center_latitude, center_longitude, verify_radius_meters)
VALUES
    (1, '서울특별시', '금천구', '가산동',   '서울특별시 금천구 가산동',   37.4767, 126.8830, 2500),
    (2, '서울특별시', '금천구', '독산동',   '서울특별시 금천구 독산동',   37.4696, 126.8974, 2500),
    (3, '서울특별시', '금천구', '시흥동',   '서울특별시 금천구 시흥동',   37.4550, 126.9000, 2500),
    (4, '서울특별시', '금천구', '독산제1동', '서울특별시 금천구 독산제1동', 37.4706, 126.8896, 2500),
    (5, '서울특별시', '금천구', '시흥제1동', '서울특별시 금천구 시흥제1동', 37.4536, 126.9032, 2500);

INSERT INTO neighborhood
    (id, sido, sigungu, emd_name, display_name, center_latitude, center_longitude, verify_radius_meters)
VALUES
    (6, '서울특별시', '금천구', '구로5동',   '서울특별시 구로구 구로5동',   37.4967, 126.8917, 2500)
;    

INSERT INTO member
    (id, username, password, email, nickname, login_type, provider, provider_id, profile_image_url, role, local_verified, verified_neighborhood_id, manner_score)
VALUES
    (1, 'admin',  crypt('admin1234',  gen_salt('bf', 12)), 'admin@neighbortrade.local',  '관리자',     'LOCAL', NULL, NULL, NULL, 'ROLE_ADMIN',          TRUE,  1, 40.0),
    (2, 'seller', crypt('seller1234', gen_salt('bf', 12)), 'seller@neighbortrade.local', '가산이웃',   'LOCAL', NULL, NULL, NULL, 'ROLE_LOCAL_VERIFIED', TRUE,  1, 38.5),
    (3, 'buyer',  crypt('buyer1234',  gen_salt('bf', 12)), 'buyer@neighbortrade.local',  '거래초보',   'LOCAL', NULL, NULL, NULL, 'ROLE_LOCAL_VERIFIED', TRUE,  1, 36.5),
    (4, 'guest',  crypt('guest1234',  gen_salt('bf', 12)), 'guest@neighbortrade.local',  '미인증회원', 'LOCAL', NULL, NULL, NULL, 'ROLE_USER',           FALSE, NULL, 36.5);

INSERT INTO location_verification
    (member_id, neighborhood_id, latitude, longitude, verified, failure_reason)
VALUES
    (2, 1, 37.4767, 126.8830, TRUE, NULL),
    (3, 1, 37.4768, 126.8832, TRUE, NULL),
    (4, 1, 37.5500, 126.9900, FALSE, '선택한 동네 인증 반경 밖입니다.');

INSERT INTO product_post
    (id, seller_id, neighborhood_id, title, content, price, giveaway, category,
     representative_image_url, trade_place, status, view_count)
VALUES
    (1, 2, 1, '깨끗한 책상 판매합니다',
     '가산동에서 직거래 가능한 책상입니다. 사용감은 적습니다.',
     20000, FALSE, 'FURNITURE', 'https://picsum.photos/seed/ntpp1main/640/480', '가산디지털단지역 근처', 'ON_SALE', 12),
    (2, 2, 1, '모니터 나눔',
     '작동 확인했습니다. 직접 가져가실 분께 나눔합니다.',
     0, TRUE, 'DIGITAL', 'https://picsum.photos/seed/ntpp2main/640/480', '가산동 주민센터 근처', 'ON_SALE', 28),
    (3, 2, 1, '개발 서적 판매',
     '스프링 부트 입문서를 저렴하게 판매합니다.',
     10000, FALSE, 'BOOK', 'https://picsum.photos/seed/ntpp3main/640/480', '가산디지털단지역 5번 출구', 'RESERVED', 9),
    (4, 2, 1, '삭제 예시용 임시 게시글',
     'DELETE 예시를 위해 넣는 임시 데이터입니다.',
     1000, FALSE, 'ETC', 'https://picsum.photos/seed/ntpp4main/640/480', '가산동', 'ON_SALE', 0),
    (5, 2, 1, '쿠쿠 전기밥솥 (3인용)',
     '이사로 인해 급처합니다. 내솥 코팅 양호합니다.',
     35000, FALSE, 'KITCHEN', 'https://picsum.photos/seed/ntpp5main/640/480', '독산동 이마트 근처', 'ON_SALE', 41),
    (6, 2, 2, '레고 클래식 브릭 세트',
     '아이가 한두 번 조립만 했습니다. 박스 구성품 모두 있습니다.',
     45000, FALSE, 'KIDS', 'https://picsum.photos/seed/ntpp6main/640/480', '독산역 1번 출구', 'ON_SALE', 7),
    (7, 3, 1, '나이키 운동화 270',
     '실내에서만 착용했습니다. 밑창 마모 거의 없습니다.',
     55000, FALSE, 'FASHION', 'https://picsum.photos/seed/ntpp7main/640/480', '가산디지털단지역 3번 출구', 'ON_SALE', 33),
    (8, 2, 1, '요가매트 10mm 두께',
     '거의 새 제품입니다. 보관 봉지까지 드립니다.',
     15000, FALSE, 'SPORTS', 'https://picsum.photos/seed/ntpp8main/640/480', '시흥동 주민센터 앞', 'ON_SALE', 15),
    (9, 3, 2, '다육이 화분 세트',
     '다육이 3포트와 도자기 화분을 함께 드립니다.',
     12000, FALSE, 'PLANT', 'https://picsum.photos/seed/ntpp9main/640/480', '시흥역 인근', 'ON_SALE', 22),
    (10, 2, 1, '강아지 사료 2kg 미개봉',
     '유통기한 넉넉합니다. 우리 강아지가 다른 제품으로 바꿔서 판매합니다.',
     18000, FALSE, 'PET', 'https://picsum.photos/seed/ntpp10main/640/480', '가산동 공원 입구', 'ON_SALE', 19);

INSERT INTO product_image
    (product_post_id, original_filename, stored_filename, image_url, content_type, file_size, sort_order, representative)
VALUES
    (1, 'desk-main.png', 'pp-01-main.png', 'https://picsum.photos/seed/ntpp1main/640/480', 'image/png', 128400, 0, TRUE),
    (1, 'desk-detail.png', 'pp-01-detail.png', 'https://picsum.photos/seed/ntpp1detail/640/480', 'image/png', 98200, 1, FALSE),
    (2, 'monitor-front.png', 'pp-02-main.png', 'https://picsum.photos/seed/ntpp2main/640/480', 'image/png', 156800, 0, TRUE),
    (2, 'monitor-back.png', 'pp-02-back.png', 'https://picsum.photos/seed/ntpp2back/640/480', 'image/png', 142100, 1, FALSE),
    (3, 'spring-book-cover.png', 'pp-03-main.png', 'https://picsum.photos/seed/ntpp3main/640/480', 'image/png', 89400, 0, TRUE),
    (3, 'spring-book-spine.png', 'pp-03-spine.png', 'https://picsum.photos/seed/ntpp3spine/640/480', 'image/png', 72100, 1, FALSE),
    (4, 'temp-listing.png', 'pp-04-main.png', 'https://picsum.photos/seed/ntpp4main/640/480', 'image/png', 21000, 0, TRUE),
    (5, 'cuckoo-rice-cooker.png', 'pp-05-main.png', 'https://picsum.photos/seed/ntpp5main/640/480', 'image/png', 198300, 0, TRUE),
    (5, 'cuckoo-inner-pot.png', 'pp-05-inner.png', 'https://picsum.photos/seed/ntpp5inner/640/480', 'image/png', 165400, 1, FALSE),
    (6, 'lego-classic-box.png', 'pp-06-main.png', 'https://picsum.photos/seed/ntpp6main/640/480', 'image/png', 112500, 0, TRUE),
    (7, 'nike-shoes-side.png', 'pp-07-main.png', 'https://picsum.photos/seed/ntpp7main/640/480', 'image/png', 134200, 0, TRUE),
    (7, 'nike-shoes-sole.png', 'pp-07-sole.png', 'https://picsum.photos/seed/ntpp7sole/640/480', 'image/png', 108900, 1, FALSE),
    (8, 'yoga-mat-roll.png', 'pp-08-main.png', 'https://picsum.photos/seed/ntpp8main/640/480', 'image/png', 87600, 0, TRUE),
    (9, 'succulent-set.png', 'pp-09-main.png', 'https://picsum.photos/seed/ntpp9main/640/480', 'image/png', 99100, 0, TRUE),
    (9, 'succulent-close.png', 'pp-09-close.png', 'https://picsum.photos/seed/ntpp9close/640/480', 'image/png', 104200, 1, FALSE),
    (10, 'dog-food-bag.png', 'pp-10-main.png', 'https://picsum.photos/seed/ntpp10main/640/480', 'image/png', 123700, 0, TRUE);

INSERT INTO trade
    (id, product_post_id, seller_id, buyer_id, status, completed_at)
VALUES
    (1, 3, 2, 3, 'COMPLETED', CURRENT_TIMESTAMP);

INSERT INTO review
    (trade_id, reviewer_id, reviewee_id, rating, content)
VALUES
    (1, 3, 2, 5, '시간 약속을 잘 지키고 상품 상태도 설명과 같았습니다.');

-- 시퀀스 값을 수동 id 입력 이후 값으로 보정합니다.
SELECT setval(pg_get_serial_sequence('neighborhood', 'id'), COALESCE((SELECT MAX(id) FROM neighborhood), 1));
SELECT setval(pg_get_serial_sequence('member', 'id'), COALESCE((SELECT MAX(id) FROM member), 1));
SELECT setval(pg_get_serial_sequence('product_post', 'id'), COALESCE((SELECT MAX(id) FROM product_post), 1));
SELECT setval(pg_get_serial_sequence('product_image', 'id'), COALESCE((SELECT MAX(id) FROM product_image), 1));
SELECT setval(pg_get_serial_sequence('trade', 'id'), COALESCE((SELECT MAX(id) FROM trade), 1));

-- ==========================================================
-- UPDATE examples
-- ==========================================================

-- 회원 동네 인증 상태 수정 예시
UPDATE member
SET
    local_verified = TRUE,
    verified_neighborhood_id = 1,
    role = 'ROLE_LOCAL_VERIFIED'
WHERE username = 'guest';

-- 판매글 내용/가격 수정 예시
UPDATE product_post
SET
    title = '깨끗한 책상 판매합니다 - 가격 조정',
    price = 18000,
    trade_place = '가산디지털단지역 6번 출구'
WHERE id = 1;

-- 거래 완료 후 판매글 상태 수정 예시
UPDATE product_post
SET status = 'COMPLETED'
WHERE id = 3;

-- 후기 반영 후 매너 점수 수정 예시
UPDATE member
SET manner_score = 39.0
WHERE id = 2;

-- ==========================================================
-- DELETE examples
-- ==========================================================

-- 임시 판매글 삭제 예시
DELETE FROM product_post
WHERE title = '삭제 예시용 임시 게시글';

-- 특정 회원의 실패한 위치 인증 이력 삭제 예시
DELETE FROM location_verification
WHERE member_id = 4
  AND verified = FALSE;

